Barcode,1L2
AAACACCAATAACTGC-1,healthy
AAACCGGGTAGGTACC-1,healthy
AAACCGTTCGTCCAGG-1,healthy
AAACCTCATGAAGTTG-1,healthy
AAACTTGCAAACGTAT-1,healthy
AAAGTAGCATTGCTCA-1,healthy
AAATCGTGTACCACAA-1,healthy
AAATGGCCCGTGCCCT-1,healthy
AAATTGATAGTCCTTT-1,healthy
AAATTTGCGGGTGTGG-1,healthy
AACACGAGACGCGGCC-1,healthy
AACAGCTGTGTGGCAA-1,healthy
AACCAAGACTTCTCTG-1,healthy
AACGGCCATCTCCGGT-1,healthy
AACGTACTGTGGGTAC-1,healthy
AACTCAAGTTAATTGC-1,healthy
AACTCTCAGTGTGCTC-1,healthy
AAGAGGATGTACGCGA-1,healthy
AAGCGTCCCTCATCGA-1,healthy
AAGGGAACGACTGGCT-1,healthy
AAGGGACTATGCATTC-1,healthy
AAGTAGTGACGCGAGG-1,healthy
AAGTGACGACCGAATT-1,healthy
AAGTGCGTTAGAATCT-1,healthy
AAGTTCGGCCAACAGG-1,healthy
AATAACAACGCTCGGC-1,healthy
AATAACACTAGAACAA-1,healthy
AATAGAACAGAGTGGC-1,healthy
AATATTGGAGTATTGA-1,healthy
AATGACAGCAATGTCT-1,healthy
AATGTGCCCGAGGTGT-1,healthy
AATTAAAGGTCGGCGT-1,healthy
ACAAGGACAAGAGGTT-1,healthy
ACAATAGTCGTACGTT-1,healthy
ACAATCCATTTAAACC-1,healthy
ACAATGAATACGGAGA-1,healthy
ACACATGATCAAATCT-1,healthy
ACACCGGTCTGACCGC-1,healthy
ACACTGATCAAGGTGT-1,healthy
ACAGAACTGAGAACAA-1,healthy
ACAGGTGGAGGTGAGG-1,healthy
ACATCGGTCAGCCGCG-1,healthy
ACCATCGTATATGGTA-1,healthy
ACCCATCTTGAGGGTA-1,healthy
ACCCGAGCGAAATTAC-1,healthy
ACCCGGTTACACTTCC-1,healthy
ACCCTATGCCATATCG-1,healthy
ACCTAAGTACCTTTCA-1,healthy
ACCTGCGTGTCATGTT-1,healthy
ACGAGGATACCACTCT-1,healthy
ACGATGCATATGTTAT-1,healthy
ACGCGCTACACAGGGT-1,healthy
ACGGGAGTGTCGGCCC-1,healthy
ACGTTAGATTTGCCCG-1,healthy
ACTACATCCCGACAAG-1,healthy
ACTCGTAACCCGTCCT-1,healthy
ACTTATTAGGATCGGT-1,healthy
AGAAGGTTGCCGAATT-1,healthy
AGAAGTGATTCGTGAT-1,healthy
AGACCGGGAAACCCTG-1,healthy
AGACGACGATGCCGCT-1,healthy
AGAGAAGGAGTACAAT-1,healthy
AGAGATCTCTAAAGCG-1,healthy
AGATACCGGTGTTCAC-1,healthy
AGATGCAAGACGTGCA-1,healthy
AGCAACCGAAAGTAAT-1,healthy
AGCACTTAAGGACGCC-1,healthy
AGCATCATTTCGAAAG-1,healthy
AGCCCATACATGTAAG-1,healthy
AGCCGTGGCTAAATGT-1,healthy
AGCGACAGGAACGGTC-1,healthy
AGCTCTTTACTCAGTT-1,healthy
AGCTGTAACCTCAATC-1,healthy
AGCTTGATCTTAACTT-1,healthy
AGGACGACCCATTAGA-1,healthy
AGGCCCTAGAACGCCA-1,healthy
AGGCGGTTTGTCCCGC-1,healthy
AGGCTTCCCGAAGAAG-1,healthy
AGGGCGAGCAGCTGAT-1,healthy
AGGTAGGTACAAAGCT-1,healthy
AGGTCAGGTGAGAGTG-1,healthy
AGGTGTATCGCCATGA-1,healthy
AGTATGCTGGAGACCA-1,healthy
AGTCAACACCACCATC-1,healthy
AGTCGGCTCAACTTTA-1,healthy
AGTCGTGGGCATTACG-1,healthy
AGTCTCACAAGACTAC-1,healthy
AGTGACCTACTTTACG-1,healthy
AGTGATATGAGTAGTT-1,healthy
AGTGCGTAGCTCGTAA-1,healthy
AGTTAAACACTTGCGA-1,healthy
AGTTAAGTCAACCGCT-1,healthy
AGTTTGGCCAGACCTA-1,healthy
ATAAATATTAGCAGCT-1,healthy
ATAAGTTACCGCGACG-1,healthy
ATACCACGGGCAACTT-1,healthy
ATACGGAACGTCGTTT-1,healthy
ATAGACGAAGAGAAAG-1,healthy
ATAGGCGGCTATAGAA-1,healthy
ATAGTGAAGCGTTCTC-1,healthy
ATATTCAGTTAAACCT-1,healthy
ATCAAACGAAGGTTTG-1,healthy
ATCAATGCCGTGGCTG-1,healthy
ATCACGTGCTAATTAA-1,healthy
ATCAGACGGCACGCCG-1,healthy
ATCCAATGGAGGGTCC-1,healthy
ATCCAGAGCAACAACC-1,healthy
ATCCAGGATTCGTGAA-1,healthy
ATCCTACCTAAGCTCT-1,healthy
ATCCTGAATCGCTGCG-1,healthy
ATCCTGCGTGGAATGG-1,healthy
ATCGTGGAAAGTCTGG-1,healthy
ATGACGCGTTCTATCC-1,healthy
ATGATGCAATGGTACA-1,healthy
ATGGCAGCATTACGAT-1,healthy
ATGTGAAAGCCTAATG-1,healthy
ATTAAACATGCGGACC-1,healthy
ATTACGCGCTGGCAGG-1,healthy
ATTCGACGCCGGGCCT-1,healthy
ATTGCTGCTCCTCCAT-1,healthy
ATTTACAGTTTACTGG-1,healthy
ATTTCCGGGTTCTGCG-1,healthy
ATTTGCGCGAGTAGCT-1,healthy
CAAACGAGTATCGCAG-1,healthy
CAAACGGTCGCACTTT-1,healthy
CAAAGATTATTGGGCC-1,healthy
CAAATCTCTCACAAGG-1,healthy
CAAATGTCCTTCCGTG-1,healthy
CAAGCAACGTCGGAGT-1,healthy
CAATATTCTTGACCTA-1,healthy
CACAATGAGCTGCTAT-1,healthy
CACAGAGACGAGGACG-1,healthy
CACCAGTCAGCATGCA-1,healthy
CACCCGGTTTGTGACT-1,healthy
CACCCTTGGTGAGACC-1,healthy
CACCGTTAGGGATCAC-1,healthy
CACCGTTGCGCGATAT-1,healthy
CACGTCGGCAACCTCT-1,healthy
CACTCCTATGTAAGAT-1,healthy
CAGACGAACCTGATAC-1,healthy
CAGATCCTGGTTTGAA-1,healthy
CAGCGATTCCCTTCAA-1,healthy
CAGCTGGCGTAACCGT-1,healthy
CAGGATATATCGTTGT-1,healthy
CAGGCCGTTTGGGTGT-1,healthy
CAGGCGCACGGTGGTC-1,healthy
CAGTACCAGTTTACGT-1,healthy
CATACCCGTACCCAGT-1,healthy
CATACTATGTAATTGT-1,healthy
CATAGCGTTGCCCACC-1,healthy
CATAGTCCACAAGAAC-1,healthy
CATATAGGTACAGTCA-1,healthy
CATATGTCAGGCTACG-1,healthy
CATCCAATATAGTTTG-1,healthy
CATCGGACGGGTTAAT-1,healthy
CATGCCAACTCGCAAA-1,healthy
CATTTGAGTGGTACGT-1,healthy
CCAACGATGCACTGAT-1,healthy
CCAATAGTGCCGTCGA-1,healthy
CCAATGTCACAGCAAG-1,healthy
CCACACTGAGATATTA-1,healthy
CCACCAACTTTACTGT-1,healthy
CCACGGAGCCATAAGA-1,healthy
CCACTGGTGGCTGGTT-1,healthy
CCAGAAAGCAACTCAT-1,healthy
CCAGCTGATGGTACTT-1,healthy
CCATTAGCGATAATCC-1,healthy
CCATTCCCTGCCCACA-1,healthy
CCCAACATACGTCGCG-1,healthy
CCCAATTTCACAACTT-1,healthy
CCCGGTGTATCGGAAT-1,healthy
CCCGTAAGTCTAGGCC-1,healthy
CCCGTAGCTGGGAAGA-1,healthy
CCCTATGTAGAGCAGA-1,healthy
CCCTGAAATGAGTTGA-1,healthy
CCCTGCCCAATCCGCT-1,healthy
CCGAACACTGGGCCTC-1,healthy
CCGACGGGCATGAGGT-1,healthy
CCGATTCGAGGGACCC-1,healthy
CCGCGGAATGCGTCAC-1,healthy
CCGCTTACCTCACTCT-1,healthy
CCGGGTTCGAGGTTAC-1,healthy
CCGTATCTCGTCGTAG-1,healthy
CCGTGTTAAATTCCAT-1,healthy
CCGTTCCGAATCTCGG-1,healthy
CCTACATTCACAGACG-1,healthy
CCTATGGCTCCTAGTG-1,healthy
CCTCCGACAATTCAAG-1,healthy
CCTCTATCGATTAGCA-1,healthy
CCTCTCTCCCATCTAG-1,healthy
CCTGTAAGACATGATA-1,healthy
CCTGTACTCACGCCCA-1,healthy
CCTTCTCAGCGTTCCT-1,healthy
CGAAACGCAATTCATG-1,healthy
CGAACCCGCATGCGTC-1,healthy
CGAAGTTGCTCTGTGT-1,healthy
CGAATCTGCTCGACGC-1,healthy
CGAATGAAGTCATTGC-1,healthy
CGACAGTTCGCGTTAT-1,healthy
CGAGACCCTAGAGTGT-1,healthy
CGAGTACTAAAGAGGA-1,healthy
CGAGTGAAGGTACCAG-1,healthy
CGATACCTCGCGGACA-1,healthy
CGATCCGACCCAGTGC-1,healthy
CGATCTGTTGGAGGAC-1,healthy
CGCCAAGAAGCCGAGT-1,healthy
CGCCTGGCCTACGTAA-1,healthy
CGCGAGTCTGCCGGGT-1,healthy
CGCGCAAATGTCCAGA-1,healthy
CGCTACGGGACATTTA-1,healthy
CGCTCTCCGTAGATTA-1,healthy
CGCTTATTCCCGGTCG-1,healthy
CGGAACGTAAACATAG-1,healthy
CGGAGTTTGAGAGACA-1,healthy
CGGGCCTTCTTTGTAA-1,healthy
CGGTGCAGATAGAACG-1,healthy
CGGTGCGCGTTGGTCC-1,healthy
CGGTTGACCTGGCATA-1,healthy
CGTCACGTCCATTGGT-1,healthy
CGTCGCTTGGTTATAC-1,healthy
CGTCGGGTCTAAGCGC-1,healthy
CGTGAAGTTAATTCAC-1,healthy
CGTGCATTGTCGACGC-1,healthy
CGTTCATGGTGCGCGT-1,healthy
CGTTGTTTCAATTCCC-1,healthy
CGTTTCGCTCATTACA-1,healthy
CGTTTGTGTAGAGGGT-1,healthy
CTAAAGAATGCCTACT-1,healthy
CTAACCGCGCGCCCGT-1,healthy
CTAACTGGTCCGGTTC-1,healthy
CTACGACTAGCTATAA-1,healthy
CTACTATCATAGGTTT-1,healthy
CTAGTGAAGGACAGGA-1,healthy
CTATGTGAGTCACGGC-1,healthy
CTCACTTGGCTGGTAA-1,healthy
CTCATGGTAATTTGCG-1,healthy
CTCCCTCCTTTCGATC-1,healthy
CTCCGCCCACATGAGG-1,healthy
CTCGGGTTCTCTGGCC-1,healthy
CTCGGTTGTCGGCCCT-1,healthy
CTCGTCGAGGGCTCAT-1,healthy
CTCTACACTGGCGATT-1,healthy
CTCTCTAACTGCCTAG-1,healthy
CTGAATCCGAGACCTC-1,healthy
CTGCTGAGGCCACGAA-1,healthy
CTGGATTTACACTTGA-1,healthy
CTGGCATCCGAATGAG-1,healthy
CTGGGCCTGCTATATC-1,healthy
CTGGTGAATGGGCCTA-1,healthy
CTGTACTTCTTAGCAT-1,healthy
CTTCAGTGGTCGCCTA-1,healthy
CTTCGTAGATAGGTGA-1,healthy
CTTCTATGTTGAAGTA-1,healthy
CTTCTATTAATGCTAG-1,healthy
CTTGCAACCGCCTCCT-1,healthy
CTTGCCCAGGCTCTAC-1,healthy
CTTTGGCTTTAGTAAA-1,healthy
GAAACATAGGAAACAG-1,healthy
GAAACCGAATTACCTT-1,healthy
GAAATTGTCTCTATAA-1,healthy
GAAGAAACGATATTGT-1,healthy
GAAGCTCGGACCCGTC-1,healthy
GAAGTGATTTATCGTG-1,healthy
GAAGTTTCCACTCAAT-1,healthy
GAATTCACCCGGGTGT-1,healthy
GACACTGAGTTCAGTG-1,healthy
GACAGGCACACACTAT-1,healthy
GACCCAATTATGATAC-1,healthy
GACCGTGCTGACGGTG-1,healthy
GACGCTTGCTTCTAAA-1,healthy
GACTACAAAGCGGTGG-1,healthy
GAGAGGGCGCGAGGTT-1,healthy
GAGAGGTGCATTCTGG-1,healthy
GAGATCTGCTTGGCAT-1,healthy
GAGCGCTGTTAGGTAA-1,healthy
GAGGCCCGACTCCGCA-1,healthy
GAGGCTATCAAAGTCG-1,healthy
GAGTATGCCCGCCTTG-1,healthy
GAGTCCGCTTACCGGA-1,healthy
GAGTTGATGGCAATTT-1,healthy
GATACGATGGGAGTCA-1,healthy
GATCCTCGACACTGGC-1,healthy
GATCGCTATATCTCAG-1,healthy
GATCTTTGCAGGGTAT-1,healthy
GATGACAAGTAGGGCA-1,healthy
GATGTAACGAACCACC-1,healthy
GATGTTCAATCCACGA-1,healthy
GATTACTGAATTTGGG-1,healthy
GCAAATATTACGCTTT-1,healthy
GCAACCACGGCCGCGT-1,healthy
GCAAGAATTCCTTGGC-1,healthy
GCACGCCTACTTAGAT-1,healthy
GCAGCACACAGCCCAG-1,healthy
GCAGGACTATAGAATA-1,healthy
GCATTGTAATTCATAT-1,healthy
GCCACAATTTAAGGAC-1,healthy
GCCCGACTTCTTCCCG-1,healthy
GCCCGCGCGTAAACGG-1,healthy
GCCGAAATTCCTACGT-1,healthy
GCCGCTTGTGAGAAAC-1,healthy
GCGACCCAACCATCTG-1,healthy
GCGACGATAGTTGTAC-1,healthy
GCGAGGCCCGAGCAGA-1,healthy
GCGCAAATATATTCAA-1,healthy
GCGCTATGCCGAGGCA-1,healthy
GCGGACCGCGTTGTGG-1,healthy
GCGGAGAAACTTCGCA-1,healthy
GCGGCAAAGTATTGCC-1,healthy
GCGGCTCTGACGTACC-1,healthy
GCGGTTCCCTATCATG-1,healthy
GCGTCTCTGCATTGGG-1,healthy
GCTAGCTTGAATAGCT-1,healthy
GCTCAATCCGTTTATT-1,healthy
GCTCCTGACATACTGG-1,healthy
GCTGAATCTTCCAATC-1,healthy
GCTGTATTACTGGCCC-1,healthy
GGAACCGTGTAAATTG-1,healthy
GGAACCTTGACTCTGC-1,healthy
GGACCTCTAGGCCGCC-1,healthy
GGATCTTGACTCAACC-1,healthy
GGATGACGCGAGTTTA-1,healthy
GGATGCTGGCGTTCCT-1,healthy
GGCAAAGGCGCCAATA-1,healthy
GGCAAATTACTTTACT-1,healthy
GGCACTCCACTGGGCA-1,healthy
GGCATACAGGTAGCGG-1,healthy
GGCCCTCACCCACTTA-1,healthy
GGCGCAGGACATCTTC-1,healthy
GGCGCATGAATTGATG-1,healthy
GGCGTCCTATCCGCTG-1,healthy
GGCTATTAAGTTGTAT-1,healthy
GGCTCCTCCACCTGTT-1,healthy
GGGAACGGGAGGTTAG-1,healthy
GGGACAGAGTTACTCC-1,healthy
GGGAGGATGCCCGAAA-1,healthy
GGGATGGTCGTAACCG-1,healthy
GGGCAACCGCACGTGC-1,healthy
GGGCCCGTCTTAAACA-1,healthy
GGGCCCTACGAAAGGG-1,healthy
GGGCGGCAAATGAATT-1,healthy
GGGCGGGTTCCCTACG-1,healthy
GGGCGTCACCACGTAA-1,healthy
GGGTACTTCATGAACT-1,healthy
GGGTCACCGTGACGGT-1,healthy
GGGTGACACCTTAACT-1,healthy
GGTAACCGGGAGGATA-1,healthy
GGTACAAACATGCTAT-1,healthy
GGTACATCTGGGACGA-1,healthy
GGTCGTAAGCTCGCAC-1,healthy
GGTCTCTGAATGGACT-1,healthy
GGTGAAGTACAGGGAT-1,healthy
GGTGCTGGTACACATT-1,healthy
GGTTACCACCCTCGGG-1,healthy
GTAATCTGATTCTTCG-1,healthy
GTACTCCCTTATCGCT-1,healthy
GTAGAGGGAGACAAGT-1,healthy
GTATCTCAGTCTTGAC-1,healthy
GTATGAAATTTCACTC-1,healthy
GTATTCTGAGAAACGA-1,healthy
GTCAAAGAAGTGGTGT-1,healthy
GTCGGATATCTCAGAC-1,healthy
GTCTATCTGAGTTTCT-1,healthy
GTCTGGGCGGTCGAGA-1,healthy
GTGACTTCAGTAGTGC-1,healthy
GTGATCATAGATCTGC-1,healthy
GTGATTCGCCGCTCAA-1,healthy
GTGCCATCACACGGTG-1,healthy
GTGCCGCTTCAAAGGT-1,healthy
GTGCGAAATCGAACAC-1,healthy
GTGGACCAACCCGATT-1,healthy
GTGGAGTCGGCGGTTG-1,healthy
GTGGCAAACAGCGGCA-1,healthy
GTGGCGGTCCCAGCGT-1,healthy
GTGGTTTCCGCCTTTC-1,healthy
GTTACAATTGGTGACG-1,healthy
GTTACTTTGGGCCTAG-1,healthy
GTTATATTATCTCCCT-1,healthy
GTTCACAGGAGTCTAG-1,healthy
GTTGAACCGGTTCCAT-1,healthy
GTTGGATTTGCGTTGG-1,healthy
GTTTCATATCGTCGCT-1,healthy
TAAACCCAGGAGGGCA-1,healthy
TAACATACACGCGATC-1,healthy
TAACTCATCCGCGCGG-1,healthy
TAAGAGGGACAGGGAC-1,healthy
TAAGTAACATCTTGAC-1,healthy
TAAGTCGCCGAGTATC-1,healthy
TAATAGAACAGAGTTA-1,healthy
TAATAGGTCACCAGAA-1,healthy
TACAACGCACAACTCA-1,healthy
TACATTTCTAACGTGC-1,healthy
TACCAGAAGTAGGTTC-1,healthy
TACCGGTCGTTTCCAT-1,healthy
TACCTTAAGATTTCCC-1,healthy
TACGACGCTTGCTGCG-1,healthy
TACGAGAACTTCACGT-1,healthy
TACGATGTTGATCATC-1,healthy
TACGCAGTTCTTTCCT-1,healthy
TACGCCGAGGGTACCC-1,healthy
TACGTTTACCGGCAAT-1,healthy
TACTGGACAGCTCGGC-1,healthy
TACTTTCCGCACGCCA-1,healthy
TAGAGATCATGCAACT-1,healthy
TAGATATGGACTGGAA-1,healthy
TAGTCCGCAGAGAATG-1,healthy
TAGTCTAACAACGAGA-1,healthy
TATAGGGTACTCATGA-1,healthy
TATATATCGAGAAATG-1,healthy
TATCCATCTCGGTTAG-1,healthy
TATCTACCACAGCGGG-1,healthy
TATTATGTTTGCCTGC-1,healthy
TATTCCTCCGCCCACT-1,healthy
TCAACAAAGATAATTC-1,healthy
TCAACATCGACCGAGA-1,healthy
TCAACGAGGAGACAAA-1,healthy
TCAACGCAGGAAATAA-1,healthy
TCAACGCGACCGGCAG-1,healthy
TCACAGCAAACTCGAA-1,healthy
TCACCCTCTTAAGATT-1,healthy
TCACGATGTCCGTGGA-1,healthy
TCAGTAGGGACTATAA-1,healthy
TCATCGATGGTCCCAA-1,healthy
TCCAACTTTAAATTCT-1,healthy
TCCACAATGGTTTACG-1,healthy
TCCCGGGTGTGCTGCT-1,healthy
TCCCTGGCGTATTAAC-1,healthy
TCCGATTACATTGCCG-1,healthy
TCCTAGCAAAGAAGCT-1,healthy
TCCTCCTAAGACATTC-1,healthy
TCCTGCGTTGATACTC-1,healthy
TCGAATATCCCGCAGG-1,healthy
TCGAGCCAGGCAGGCC-1,healthy
TCGCCGAAGTTGCGTC-1,healthy
TCGGAGAGTATCGGGA-1,healthy
TCGGGATTCAAACATA-1,healthy
TCGGTCCCGACAATAG-1,healthy
TCGTATTACCCATTGC-1,healthy
TCGTCAAGTACGCGCA-1,healthy
TCGTGTCACGCTGACA-1,healthy
TCTAATACTGCCTCAG-1,healthy
TCTAGCAATCTCCGCC-1,healthy
TCTATTACTAGAGGAT-1,healthy
TCTGGGTAGCGCTCAT-1,healthy
TCTGTTACCCAGCATA-1,healthy
TGACGAATATTTCCCT-1,healthy
TGACTCCGAATCATAC-1,healthy
TGAGCCATACAGTCTC-1,healthy
TGAGTAAATTAGCGTA-1,healthy
TGAGTGCCTCTTAAAT-1,healthy
TGATCAGGGAACTGCT-1,healthy
TGATTCGTCTATCACT-1,healthy
TGATTCTGTCGCCGGT-1,healthy
TGATTTATTAGCTGTG-1,healthy
TGCAGAACTATATCGT-1,healthy
TGCAGAGTACCGAGCA-1,healthy
TGCAGATCGTCCTAGG-1,healthy
TGCAGCTACGTACTTC-1,healthy
TGCCAAAGTCAGACTT-1,healthy
TGCGACACCCTAGTGC-1,healthy
TGCGAGAATATTACCC-1,healthy
TGCGTAAGAACCTGAT-1,healthy
TGCGTCATGACTGAGC-1,healthy
TGCTTAGAGAGAATGC-1,healthy
TGGAAGAAGGGAACGT-1,healthy
TGGACGCAATCCAGCC-1,healthy
TGGCAGATTACGATCA-1,healthy
TGGTCTGTTGGGCGTA-1,healthy
TGTAGTGATCTATAAT-1,healthy
TGTCCTAAGTCACCGC-1,healthy
TGTGCTTTACGTAAGA-1,healthy
TGTTCCGCTTCCATGA-1,healthy
TGTTCTTCCATTGACT-1,healthy
TTAACTTCAGGTAGGA-1,healthy
TTAAGGCCCGTACTTT-1,healthy
TTACCATTGATTACCC-1,healthy
TTACTCTGGTACGTAC-1,healthy
TTACTGGGATATTTCA-1,healthy
TTATCCTCAAGGAATA-1,healthy
TTCAGGCGTCAAAGCC-1,healthy
TTCCAATCTGGCTATC-1,healthy
TTCCACACAGATTTGA-1,healthy
TTCGGGCGCTAGTCTT-1,healthy
TTCTTGAGCCGCGCTA-1,healthy
TTCTTGGACGATCTGC-1,healthy
TTGACATGAACGTGGA-1,healthy
TTGACCGTGTTAATGA-1,healthy
TTGACTACCATATGGT-1,healthy
TTGAGAGTACTGCTAA-1,healthy
TTGATTAGCTGTTTCT-1,healthy
TTGCACAATTCAGAAA-1,healthy
TTGCATGCTGATCACG-1,healthy
TTGCCATAGCCCGCTC-1,healthy
TTGCCCTGATCACGGG-1,healthy
TTGCCGCAGACCTACA-1,healthy
TTGCGGCATCAGAAAG-1,healthy
TTGCGTCGGCCAACCG-1,healthy
TTGGAAGAATACAGTC-1,healthy
TTGGACATGTGGCTTA-1,healthy
TTGGATATCGTCTACG-1,healthy
TTGGTCACACTCGTAA-1,healthy
TTGGTTGCGGTGCGCG-1,healthy
TTGTAAGGACCTAAGT-1,healthy
TTGTGGTAGGAGGGAT-1,healthy
TTGTTTCATTAGTCTA-1,healthy
TTGTTTCCATACAACT-1,healthy
