Barcode,013_8R1
AAACAAGTATCTCCCA-1,healthy
AAACATTTCCCGGATT-1,healthy
AAACCCGAACGAAATC-1,healthy
AAACCTAAGCAGCCGG-1,healthy
AAACGAGACGGTTGAT-1,healthy
AAACGGGCGTACGGGT-1,healthy
AAACTCGGTTCGCAAT-1,healthy
AAACTGCTGGCTCCAA-1,healthy
AAAGTGTGATTTATCT-1,healthy
AAAGTTGACTCCCGTA-1,healthy
AAATACCTATAAGCAT-1,healthy
AAATAGGGTGCTATTG-1,healthy
AAATCCGATACACGCC-1,healthy
AAATCGTGTACCACAA-1,healthy
AAATCTAGCCCTGCTA-1,healthy
AAATTAACGGGTAGCT-1,healthy
AACACACGCTCGCCGC-1,healthy
AACAGGTAGTATGGAT-1,healthy
AACCCTACTGTCAATA-1,healthy
AACCGCTAAGGGATGC-1,healthy
AACCTCGCTTTAGCCC-1,healthy
AACCTTTAAATACGGT-1,healthy
AACGATAATGCCGTAG-1,healthy
AACGCTGTTGCTGAAA-1,healthy
AACGGACGTACGTATA-1,healthy
AACGTGCGAAAGTCTC-1,healthy
AACTACCCGTTTGTCA-1,healthy
AACTAGGCTTGGGTGT-1,healthy
AACTCAAGTTAATTGC-1,healthy
AACTCCAGAGCGTGTT-1,healthy
AACTCTCAATAGAGCG-1,healthy
AAGACTGCAAGCTACT-1,healthy
AAGAGCTCTTTATCGG-1,healthy
AAGAGGCATGGATCGC-1,healthy
AAGCACCCTGCGTATC-1,healthy
AAGCATACTCTCCTGA-1,healthy
AAGCCGAAGCGGTTTA-1,healthy
AAGCGCAGGGCTTTGA-1,healthy
AAGCTAGATCGAGTAA-1,healthy
AAGCTCGTGCCAAGTC-1,healthy
AAGCTCTTTCATGGTG-1,healthy
AAGGTGATAAACCAGC-1,healthy
AAGTCAATTGTCGTCA-1,healthy
AAGTGCCTTGACTGTA-1,healthy
AAGTGTTTGGAGACGG-1,healthy
AAGTTCACTCCAAGCT-1,healthy
AAGTTTATGGGCCCAA-1,healthy
AATAGAATCTGTTTCA-1,healthy
AATATCGAATCAATGC-1,healthy
AATCATGTAAAGACTC-1,healthy
AATCGCCTCAGCGCCA-1,healthy
AATCTGCGTTGGGACG-1,healthy
AATGACGTAGGATGTC-1,healthy
AATTAAAGGTCGGCGT-1,healthy
AATTAACGGATTTCCA-1,healthy
AATTAGCGCTGCAGCG-1,healthy
AATTCGATTCGAGGAT-1,healthy
AATTCTAGAGTTAGGC-1,healthy
AATTGAACGCTCTGGT-1,healthy
ACAAAGCATGACCTAG-1,healthy
ACAAATCGCACCGAAT-1,healthy
ACAAATGGTAGTGTTT-1,healthy
ACAACAGCATGAGCTA-1,healthy
ACAAGGAAATCCGCCC-1,healthy
ACAAGGATGCTTTAGG-1,healthy
ACAAGGGCAGGCTCTG-1,healthy
ACAATTGTGTCTCTTT-1,healthy
ACACACCAGGACCAGT-1,healthy
ACACGAGACTCCTTCT-1,healthy
ACAGCGACATTCTCAT-1,healthy
ACAGGCTTGCCCGACT-1,healthy
ACATCCTGGTAACTGT-1,healthy
ACATCGATCGTTTACC-1,healthy
ACATCGTATGCAATGG-1,healthy
ACATGGCGCCAAAGTA-1,healthy
ACATTAGTTTATATCC-1,healthy
ACCAATATGCAAGTTA-1,healthy
ACCACCAATGTAACAA-1,healthy
ACCACGTGCAGCTATA-1,healthy
ACCAGTGCGGGAGACG-1,healthy
ACCATATCCGCAATAA-1,healthy
ACCCAACGCCCGTGGC-1,healthy
ACCCATTTGTCCCTCT-1,healthy
ACCCGGAAACTCCCAG-1,healthy
ACCCGGATGACGCATC-1,healthy
ACCCGGTTACACTTCC-1,healthy
ACCCTCCCTTGCTATT-1,healthy
ACCGACACATCTCCCA-1,healthy
ACCGATGGTAGCATCG-1,healthy
ACCGCAATAACTGCCT-1,healthy
ACCGCGGTGGAAGTCG-1,healthy
ACCGGGCCTTTGTTGA-1,healthy
ACGCATACGTTTACTA-1,healthy
ACGCATTCGTGAGTAC-1,healthy
ACGCCGCTAGACGACC-1,healthy
ACGCGAAGTCAGACGA-1,healthy
ACGCGGGCCAAGGACA-1,healthy
ACGGACTCTCAAAGCG-1,healthy
ACGGATGGTGCGGATA-1,healthy
ACGGCACTTGCTTGGG-1,healthy
ACGGCGACGATGGGAA-1,healthy
ACGTAGATTGCTGATG-1,healthy
ACGTATTACTCCGATC-1,healthy
ACGTTAATGTCGAAGA-1,healthy
ACTAGTTGCGATCGTC-1,healthy
ACTCAAGTGCAAGGCT-1,healthy
ACTCCCTAATGCTAAA-1,healthy
ACTCCCTAGAATAGTA-1,healthy
ACTCGTCAGTAATCCC-1,healthy
ACTCTCTGACTTAGGT-1,healthy
ACTCTTGTATAGTAAC-1,healthy
ACTGAAACGCCGTTAG-1,healthy
ACTGAATGGCGAAAGT-1,healthy
ACTGTACGATACACAT-1,healthy
ACTTACGCATCCACGC-1,healthy
ACTTATACTTACCCGG-1,healthy
ACTTATTAGGATCGGT-1,healthy
ACTTATTTATGTGCCA-1,healthy
ACTTCAGGCTGATCCC-1,healthy
ACTTCCATGCGGGACA-1,healthy
ACTTGACTCCCTCTTT-1,healthy
AGAAGAGCGCCGTTCC-1,healthy
AGAAGGTTGTAGGTCG-1,healthy
AGACCCACCGCTGATC-1,healthy
AGACGAAGTGCCGGTC-1,healthy
AGAGGCTTCGGAAACC-1,healthy
AGAGTAAACTTCACTA-1,healthy
AGATACTCAAGATCGA-1,healthy
AGATATAATACGACTA-1,healthy
AGATCTCAGGTGTGAT-1,healthy
AGATTATAGGACGTTT-1,healthy
AGCAAAGGCCGCTAGT-1,healthy
AGCAACATATCTTATT-1,healthy
AGCACTACCTCACCAG-1,healthy
AGCAGAAGGAGAAAGA-1,healthy
AGCATATCAATATGCT-1,healthy
AGCCACAGGTTACCCG-1,healthy
AGCGTGGTATTCTACT-1,healthy
AGCTAAGTACGCAGGC-1,healthy
AGCTCCTTCGCACATC-1,healthy
AGCTCTAGACGTTCCA-1,healthy
AGCTCTTTACTCAGTT-1,healthy
AGGAAGCTGTCCGCCG-1,healthy
AGGACAGTCGAATCCC-1,healthy
AGGAGGCCTTCGCGCG-1,healthy
AGGATAAAGTCGGGAT-1,healthy
AGGATATAGGGATTTA-1,healthy
AGGCATTGTCGTAGGG-1,healthy
AGGCCTGAGAATCTCG-1,healthy
AGGGCTGCAGTTACAG-1,healthy
AGGGTCGATGCGAACT-1,healthy
AGGGTGCTCTCGAGGG-1,healthy
AGGGTTCCCTTTGGTT-1,healthy
AGGGTTTAGTTCGGGA-1,healthy
AGGTTTCACACACCTT-1,healthy
AGTACTCTTATGCCCA-1,healthy
AGTCAACACCACCATC-1,healthy
AGTCAAGATGACACTT-1,healthy
AGTCACTAGCTCTCGA-1,healthy
AGTCCATTGGCTGATG-1,healthy
AGTCGACGGTCTCAAG-1,healthy
AGTCGTATAAAGCAGA-1,healthy
AGTCGTCGACCACCAA-1,healthy
AGTCTTTAAAGTGTCC-1,healthy
AGTGAACAAACTTCTC-1,healthy
AGTGACCTACTTTACG-1,healthy
AGTGAGACTTCCAGTA-1,healthy
AGTGATAACCTGCGCG-1,healthy
AGTGATATGAGTAGTT-1,healthy
AGTGATTCAAGCAGGA-1,healthy
AGTGCACGCTTAAGAA-1,healthy
AGTGCTAAACACAGCA-1,healthy
AGTGCTTGCACGAATA-1,healthy
AGTGGCGTCTGAAGGT-1,healthy
AGTTAAACACTTGCGA-1,healthy
AGTTCCTATTTATGTT-1,healthy
AGTTTGCACCTGCCTC-1,healthy
AGTTTGGCACGGGTTG-1,healthy
ATAAACGGACCCGTAA-1,healthy
ATAACGCCGGAGGGTC-1,healthy
ATAAGGTGGAGAACAT-1,healthy
ATAAGTTACCGCGACG-1,healthy
ATAATAGCTGTTGAAT-1,healthy
ATAATCTTGGAGAACC-1,healthy
ATACAGGCCCTCCAAT-1,healthy
ATACCTAACCAAGAAA-1,healthy
ATACGCCGGCGAAACC-1,healthy
ATACGTACTTAGCCAC-1,healthy
ATACGTCCACTCCTGT-1,healthy
ATACTACCCGTACCAC-1,healthy
ATACTGCCTTACACCG-1,healthy
ATAGCAACTAGGGAAG-1,healthy
ATAGTGAAGCGTTCTC-1,healthy
ATAGTTCCACCCACTC-1,healthy
ATATAAAGCGCTCGTG-1,healthy
ATATAAATGTAGCTGC-1,healthy
ATATCGTTCCTCGAAC-1,healthy
ATATCTTAGGGCCTTC-1,healthy
ATATGTCTCCCTAGCC-1,healthy
ATATTCCACATAGTGA-1,healthy
ATCAAACACTGTTCCA-1,healthy
ATCAATCTGGGCTGCA-1,healthy
ATCAGCCTCATGCTGC-1,healthy
ATCATCCAATATTTGT-1,healthy
ATCCACATCGACAGAA-1,healthy
ATCCAGGATTCGTGAA-1,healthy
ATCCTACCTAAGCTCT-1,healthy
ATCGACCCAATACAGA-1,healthy
ATCGCCAGTCAACATT-1,healthy
ATCGGAGACAGACGGC-1,healthy
ATCGTTAGCTAGCGGA-1,healthy
ATCTAATATCCTACGG-1,healthy
ATCTCGTGAGCGAAAC-1,healthy
ATCTGGGCTGTTCTTG-1,healthy
ATGACTATGCGACATT-1,healthy
ATGATGCAATGGTACA-1,healthy
ATGCCATTTGCGACCA-1,healthy
ATGCCGGTCTTGCATA-1,healthy
ATGCGACAGTCCCATT-1,healthy
ATGCGAGTCCCACCAC-1,healthy
ATGCTCTGGCGCGGTA-1,healthy
ATGGAGCAGGCCGTGA-1,healthy
ATGGGCCTCGGCCTCT-1,healthy
ATGGTCGCGTGGTTTC-1,healthy
ATGTAGCGCGCGTAGG-1,healthy
ATGTGGACATCTTGAT-1,healthy
ATTAAACATGCGGACC-1,healthy
ATTACATGTCAGTCTT-1,healthy
ATTAGGCGATGCTTTC-1,healthy
ATTCAACCATTTAAGG-1,healthy
ATTCACTGATGTTGGA-1,healthy
ATTCATATACTGTCCA-1,healthy
ATTCATCGTTGAGGCA-1,healthy
ATTCGTGCTATCTCTT-1,healthy
ATTGCCTTTATGTTTG-1,healthy
ATTGCGATCAGTAACT-1,healthy
ATTGGATTACAGCGTA-1,healthy
ATTTGTCTTGGGAGCT-1,healthy
CAAACTCGCGACGCCG-1,healthy
CAAATGTCCTTCCGTG-1,healthy
CAACCTACCGAGCAGT-1,healthy
CAAGAGGGCGGAGTAC-1,healthy
CAAGATATTATAACGT-1,healthy
CAAGCGGCACATAATT-1,healthy
CAAGGATCGCATGTTC-1,healthy
CAAGTGTGGTTGCAAA-1,healthy
CAATGCGAGAAGTATC-1,healthy
CAATTTCGTATAAGGG-1,healthy
CACAATGAGCTGCTAT-1,healthy
CACACAGCTTGCGCTC-1,healthy
CACACGCGCTGTCTTA-1,healthy
CACAGGGCCATATAGT-1,healthy
CACATATTAGCAGGAT-1,healthy
CACATCTCACCGACGA-1,healthy
CACATGATTCAGCAAC-1,healthy
CACATTTCTTGTCAGA-1,healthy
CACCCTAACAAGATCT-1,healthy
CACCGTATCCCATCCG-1,healthy
CACCTTGGCGCCTTTG-1,healthy
CACGCGGAACTGTTGC-1,healthy
CACGTTCGTGCTCTAG-1,healthy
CACGTTTCGTACACAC-1,healthy
CACTAAAGTTGCCTAT-1,healthy
CACTCAAGAGCTATGG-1,healthy
CACTCGAGCTGAACAA-1,healthy
CACTCTTCTGCTAGCC-1,healthy
CAGAACTTAGCCCTCT-1,healthy
CAGAGACGGTCACCCA-1,healthy
CAGCAGTCCAGACTAT-1,healthy
CAGCAGTCTGTGCTGC-1,healthy
CAGCTCACTGAGACAT-1,healthy
CAGGATATATCGTTGT-1,healthy
CAGGCAGTCTTACCAG-1,healthy
CAGGCGCCATGCTAGG-1,healthy
CAGTCTGTATACTGGG-1,healthy
CAGTGTCGGCTGGCCC-1,healthy
CATAACGGACAGTCGT-1,healthy
CATAAGAAGCTTGGCT-1,healthy
CATACGGCGTCTGGGC-1,healthy
CATACTATGTAATTGT-1,healthy
CATAGTCAAATACATA-1,healthy
CATATAGGTACAGTCA-1,healthy
CATCATTACCCTGAGG-1,healthy
CATCCTCTCAAAGATC-1,healthy
CATCGGACGGGTTAAT-1,healthy
CATCTTACACCACCTC-1,healthy
CATGACTTCGCTGAAT-1,healthy
CATGAGATGCACTCTC-1,healthy
CATGATGGAAGTTAGC-1,healthy
CATGGATTGTCTTCCG-1,healthy
CATGGGTATGCCTTAT-1,healthy
CATGGTAAGTAGCGTT-1,healthy
CATGTAAGAGACATTT-1,healthy
CATGTCTCATTTATGG-1,healthy
CCAAGCGTAACTCGTA-1,healthy
CCAATGTCACAGCAAG-1,healthy
CCACAATGTACGTCTT-1,healthy
CCACACTGAGATATTA-1,healthy
CCACAGTACCCATCCT-1,healthy
CCACCCAAGGAAAGTG-1,healthy
CCAGCCTGGACCAATA-1,healthy
CCATATGGAAACTATA-1,healthy
CCATCGCAGTTAAACT-1,healthy
CCATCTCACCAGTGAA-1,healthy
CCATGCCCTAGATTTC-1,healthy
CCATGCCTGTTTAGTA-1,healthy
CCATTTCTACCTATTA-1,healthy
CCCAAACATGCTGCTC-1,healthy
CCCAGTTAAGGCGCCG-1,healthy
CCCGAGTTTCTCCGTA-1,healthy
CCCGCAGCGCGAACTA-1,healthy
CCCTCCTCGCTCGTAT-1,healthy
CCCTTTGACAGGTCTT-1,healthy
CCGAACCTTCCCGGCC-1,healthy
CCGAGAAGTCGCATAA-1,healthy
CCGATCTCAACCTTAT-1,healthy
CCGCACAAAGACCAAC-1,healthy
CCGCATGTGGTACGAT-1,healthy
CCGCTATCAGCACCAG-1,healthy
CCGCTCTTCCGAACTA-1,healthy
CCGGGCGGTCTCGTCA-1,healthy
CCGGGCTGCTCCATAC-1,healthy
CCGTAAGTTGGTCCCA-1,healthy
CCGTAGGAAATCCCTG-1,healthy
CCGTAGGGTTGTTTAC-1,healthy
CCTAAATTAACGGTTC-1,healthy
CCTAACCCAAACAAGT-1,healthy
CCTAGGCGTAGCGATC-1,healthy
CCTATAATGAGTGCCC-1,healthy
CCTATGTCCACTCCAC-1,healthy
CCTCCTGTTGTGTCGT-1,healthy
CCTCGGACCGGGATAG-1,healthy
CCTCTGTACTATTCTA-1,healthy
CCTGAACGATATATTC-1,healthy
CCTGACCACCGATGGT-1,healthy
CCTGGTCGAATGTGGG-1,healthy
CCTGTCGCCCGTAAAT-1,healthy
CCTGTTTGAAGACACG-1,healthy
CGAACAGTATGGGCGT-1,healthy
CGACAATTTGATCTAA-1,healthy
CGACACGCTCCGACAG-1,healthy
CGAGACCCTAGAGTGT-1,healthy
CGAGAGCTTTCACTAC-1,healthy
CGAGGGACTGCGGTCG-1,healthy
CGAGTTTATCGGACTG-1,healthy
CGATACCTCGCGGACA-1,healthy
CGATAGTCGTACTGCA-1,healthy
CGATCCGACCCAGTGC-1,healthy
CGATTAAATATCTCCT-1,healthy
CGATTCGCCTGGCTGC-1,healthy
CGCACATGTCCACTAC-1,healthy
CGCACGTGCGCTATCA-1,healthy
CGCAGGCGATCCAAAC-1,healthy
CGCATGGTGCGATGCT-1,healthy
CGCCCAGCGTTTCACG-1,healthy
CGCCGCCCATGCCTGT-1,healthy
CGCCGTTCAGCATAGT-1,healthy
CGCCTCCCTCCTCTAT-1,healthy
CGCGAAGTGGCATACT-1,healthy
CGCGACCGCGACAGAT-1,healthy
CGCGCATGTTTGATTG-1,healthy
CGCGGCTCAACTTGAA-1,healthy
CGCTACGGGACATTTA-1,healthy
CGCTAGAGACCGCTGC-1,healthy
CGCTATTCTTAGGCTC-1,healthy
CGCTGGTGACTACCCT-1,healthy
CGCTTTCTTGCATTCG-1,healthy
CGGAGCAATTTAATCG-1,healthy
CGGAGCATGGCGATCC-1,healthy
CGGATCCTCAAGGACT-1,healthy
CGGCAAACATCGTGCG-1,healthy
CGGCAGGGTCGGGTTG-1,healthy
CGGCCACGCACAAAGT-1,healthy
CGGCCCAGGTATATCC-1,healthy
CGGCGCCATCAATCCC-1,healthy
CGGCTCTAAAGCTGCA-1,healthy
CGGGAATATAGTATAC-1,healthy
CGGGAATTTATGTAAA-1,healthy
CGGGAGCTTCAGTGTA-1,healthy
CGGGCCTTCTTTGTAA-1,healthy
CGGGTGTACCCATTTA-1,healthy
CGGTACTAGAATCAAA-1,healthy
CGTCACGTCCATTGGT-1,healthy
CGTCGCATGTGAGCCA-1,healthy
CGTCGGATAGTGTTGA-1,healthy
CGTCGTCCTTCGCGAA-1,healthy
CGTGAAGTTAATTCAC-1,healthy
CGTGCAGACTGGGACA-1,healthy
CGTGCCCTCCCGAAGA-1,healthy
CGTGGCCGAATATCTA-1,healthy
CGTTAAACTAGTTAGG-1,healthy
CGTTAATGTCCCGACG-1,healthy
CGTTGAATACCGCGCT-1,healthy
CGTTGAGCGACCGTCG-1,healthy
CGTTGTCGGCAATTGA-1,healthy
CGTTTCGCTCATTACA-1,healthy
CTAAAGGGAAATAGGA-1,healthy
CTAACGAAACTTGCTG-1,healthy
CTAACTGATAATCGCC-1,healthy
CTAAGGGAATGATTGG-1,healthy
CTACACTCGCAGATGG-1,healthy
CTACCCTAAGGTCATA-1,healthy
CTACGCACGGAGTACC-1,healthy
CTAGATTTACGACGGC-1,healthy
CTAGCATAGTATAATG-1,healthy
CTAGGCGCCCTATCAG-1,healthy
CTAGGTTCGGACGTGA-1,healthy
CTAGTAGAAAGGGATT-1,healthy
CTAGTCACGTCTTAAG-1,healthy
CTAGTTACAACCCGGT-1,healthy
CTATCGACGAAATACA-1,healthy
CTATCGGGTCTCAACA-1,healthy
CTATTCATGTGTCCCA-1,healthy
CTATTTGGTTACGGAT-1,healthy
CTCAACTAACCCGGAT-1,healthy
CTCACATTTACTAAAT-1,healthy
CTCACTGTGATACTTA-1,healthy
CTCATTGCTCTAACAA-1,healthy
CTCGCCGAATGTAGGG-1,healthy
CTCGGTACCACTGCTC-1,healthy
CTCTATTTGGCTGCAG-1,healthy
CTCTCACAATCGATGA-1,healthy
CTCTTCTATTGACTGG-1,healthy
CTGAATCCGAGACCTC-1,healthy
CTGAGAAAGTTCGGCG-1,healthy
CTGCACAACTACATAT-1,healthy
CTGCACTCCAGTACAG-1,healthy
CTGCAGAGAATCAGAG-1,healthy
CTGCCATGCATCACAT-1,healthy
CTGCCTTTCTAGTAAA-1,healthy
CTGCTTGGCGATAGCT-1,healthy
CTGGAAGACACGGTGG-1,healthy
CTGGATTTACACTTGA-1,healthy
CTGGCGCACAGGTCTG-1,healthy
CTGGCTGATTCATCCT-1,healthy
CTGGGATAAATAATGG-1,healthy
CTGGGTAGGCAGTTAA-1,healthy
CTGGTAACACATAGAA-1,healthy
CTGGTTTCGAGCAAGA-1,healthy
CTGTACTTCTTAGCAT-1,healthy
CTGTGCAGGGTAGGTC-1,healthy
CTGTGGTCGGGAGATA-1,healthy
CTGTTACCCAATCTAG-1,healthy
CTTAGTGTAGTAGCAT-1,healthy
CTTCAACTCCACTTGG-1,healthy
CTTCATTGTCAGTGGA-1,healthy
CTTCGGCCAATTGTTT-1,healthy
CTTCGTAGATAGGTGA-1,healthy
CTTGAGTTAGGGTAAT-1,healthy
CTTGCCCAGGCTCTAC-1,healthy
CTTGTCAACATTCGAG-1,healthy
CTTGTTGCTGAGTCAA-1,healthy
CTTTAATATTGGTCGA-1,healthy
CTTTACCGAATAGTAG-1,healthy
CTTTAGGAACACTGTT-1,healthy
CTTTAGTGCTATTATT-1,healthy
CTTTCTGTGCGGGCTT-1,healthy
CTTTGCATCGCTCTTG-1,healthy
GAAACAGATGACCACC-1,healthy
GAAACCGAATTACCTT-1,healthy
GAAATTGTCTCTATAA-1,healthy
GAACAGATTACTAAAT-1,healthy
GAACCCTCTGTGTTCT-1,healthy
GAACCTTTAACGATCC-1,healthy
GAACGCGGGTCACACG-1,healthy
GAACGTCTCATGGTCG-1,healthy
GAAGCCACTGATTATG-1,healthy
GAAGCGTGAGGAATTT-1,healthy
GAAGTCAGTTGCACTA-1,healthy
GAAGTCTCCCTAGCGA-1,healthy
GAAGTGATTTATCGTG-1,healthy
GAAGTTTCCACTCAAT-1,healthy
GAATAGACGCGACCCA-1,healthy
GAATCTGAACATTCTC-1,healthy
GAATGCGAATCGGTTC-1,healthy
GAATGTGGTCCGGATT-1,healthy
GAATTATAGTGAAAGG-1,healthy
GAATTCACCCGGGTGT-1,healthy
GACAAACATATGCAGG-1,healthy
GACACAAGGGAAGAAA-1,healthy
GACAGCCAGACCTGAC-1,healthy
GACATCCGTCGAACTG-1,healthy
GACCGTGCTGACGGTG-1,healthy
GACCTTCCACGTCTAC-1,healthy
GACGACGATCCGCGTT-1,healthy
GACGAGGCTAATAAAC-1,healthy
GACTAGGCCGTTAGGT-1,healthy
GACTGCAAATCGAGCT-1,healthy
GACTGCACCAGCCCAG-1,healthy
GAGATCTGTCACTCCG-1,healthy
GAGATCTTCCATGACA-1,healthy
GAGATGGGAGTCGACA-1,healthy
GAGCACCTGTGTCCAG-1,healthy
GAGCCAGCTACCTGTG-1,healthy
GAGCGCGCACGAGTAG-1,healthy
GAGCTAAGGGCATATC-1,healthy
GAGTATGCGCGTGCAT-1,healthy
GAGTCCGCTTACCGGA-1,healthy
GAGTGTCAACCAGAAA-1,healthy
GAGTGTGCGGTACCCA-1,healthy
GATAACTCGCACTGTG-1,healthy
GATAGGTAACGTTGAC-1,healthy
GATATGAGACACTAAC-1,healthy
GATCCGGGAATTAACA-1,healthy
GATCGCGGGCTCTCCA-1,healthy
GATCGCTACCCGATTT-1,healthy
GATCGTGACTGATATC-1,healthy
GATCTTGGAGGGCATA-1,healthy
GATGAGGAACCTTCGG-1,healthy
GATGCGTCCTGCATTC-1,healthy
GATGCTGTATTTCATC-1,healthy
GATTAACCGAAAGCCC-1,healthy
GATTCGACGGTTCACG-1,healthy
GATTGGGAAAGGTTGT-1,healthy
GCAAACCCTACATTAT-1,healthy
GCAAACCTTGGCCATA-1,healthy
GCAAACGTCGCCAGGT-1,healthy
GCAACAGCAGTATGCG-1,healthy
GCAACGGCTAGTTATG-1,healthy
GCACAAACGAGGCGTG-1,healthy
GCACACACTGGTAGCC-1,healthy
GCACTGCCTACCTTTA-1,healthy
GCAGACCCAGCACGTA-1,healthy
GCAGATCCATAAGACT-1,healthy
GCAGATTAGGGATATC-1,healthy
GCAGTGTGGCTATAGG-1,healthy
GCATAGAGCACTCAGG-1,healthy
GCATCGGCCGTGTAGG-1,healthy
GCATGAGGGACGCGGC-1,healthy
GCCACTCAGAGCGCGA-1,healthy
GCCCGATCTGTGGTCG-1,healthy
GCCGATTGGCCAAGCT-1,healthy
GCCGGGTTAGGGTCGC-1,healthy
GCCTCATCTGGAAATA-1,healthy
GCCTCCGACAATTCAC-1,healthy
GCCTCTATACATAGCA-1,healthy
GCGAAACGATCGGGAG-1,healthy
GCGAAACTTAACTGGA-1,healthy
GCGAAGAATCTGACGG-1,healthy
GCGACGATAGTTGTAC-1,healthy
GCGAGGCCCGAGCAGA-1,healthy
GCGAGTTCTGCAAAGA-1,healthy
GCGATTGTTAACGTTA-1,healthy
GCGCAAGAGCGCGCTG-1,healthy
GCGCCGTTCCACGATA-1,healthy
GCGCCTCCCACTCCGA-1,healthy
GCGCGTCATTGGTACA-1,healthy
GCGCTAATTGAATAGA-1,healthy
GCGCTATGCCGAGGCA-1,healthy
GCGCTTAAATAATTGG-1,healthy
GCGGAGAGGGAGAACG-1,healthy
GCGTCGCCAGGGTGAT-1,healthy
GCGTGGTACTGGGTTA-1,healthy
GCTAACTGAAGTCTGA-1,healthy
GCTAAGTAGTTTCTCT-1,healthy
GCTACAATCGAGGATA-1,healthy
GCTACGACTTATTGGG-1,healthy
GCTACTATAGTAGAGT-1,healthy
GCTAGACCGTCTACTG-1,healthy
GCTAGAGTAGAGATGT-1,healthy
GCTAGGCACCACGGAG-1,healthy
GCTAGTAGAGCTTGTA-1,healthy
GCTATACGTCTCGGAC-1,healthy
GCTATCATACTCATGG-1,healthy
GCTCCCAGTCGGTCCA-1,healthy
GCTCGCTCATGTCCAA-1,healthy
GCTGAGGCGTGAGTAT-1,healthy
GCTGCACGGTTTCTTA-1,healthy
GCTGCTACTGCGTAGC-1,healthy
GCTGGCGGCGCATGCT-1,healthy
GCTGTTGCTACCGAAC-1,healthy
GCTTAATGTAACTAAC-1,healthy
GCTTATGAAGCAGGAA-1,healthy
GCTTCCGTCCCTAGAC-1,healthy
GCTTGGATCGATTAGG-1,healthy
GCTTTCAGAGGAGGTG-1,healthy
GGAAACTAAATGGGCC-1,healthy
GGAATGCGCTAGCGTG-1,healthy
GGACACAAGTTTACAC-1,healthy
GGACCAACAGGATAAC-1,healthy
GGAGACGACACCTTTG-1,healthy
GGAGCAACATTTCAAG-1,healthy
GGAGCGAGGCCTACTT-1,healthy
GGAGGGCTTGGTTGGC-1,healthy
GGATCCGGAATATACT-1,healthy
GGATGAAGATCGCTGA-1,healthy
GGATGACGCGAGTTTA-1,healthy
GGATGTCCTTACCGCA-1,healthy
GGATTGCTGTGACTCC-1,healthy
GGATTTCACTTCTATA-1,healthy
GGCAAATTACTTTACT-1,healthy
GGCAAGGCGAAATAGC-1,healthy
GGCAATAGTCAATGAG-1,healthy
GGCAGCAAACCTATGC-1,healthy
GGCCGGCGTCTGCTAT-1,healthy
GGCGAAATCTAACTTG-1,healthy
GGCGCATGAATTGATG-1,healthy
GGCGCGGAGATCTTTC-1,healthy
GGCGCGTTCGAGTTTA-1,healthy
GGCGCTTCATTCCCTG-1,healthy
GGCGGTAGGATCATTG-1,healthy
GGCGTAGGGAAAGCTG-1,healthy
GGCTCGCGTTGAGGTA-1,healthy
GGCTGAAATAGCAAAG-1,healthy
GGGAAGACGGTCTGTC-1,healthy
GGGAAGGGCTTTCTCA-1,healthy
GGGAGAACTCACAGTA-1,healthy
GGGAGGATGCCCGAAA-1,healthy
GGGAGTTAATGAGGCG-1,healthy
GGGATTTACCGCACCT-1,healthy
GGGCCCGTCTTAAACA-1,healthy
GGGCCGGCCGAAGTAC-1,healthy
GGGCGTGGTTTCCCAG-1,healthy
GGGCTGCCTAGGGCGA-1,healthy
GGGTCACCGTGACGGT-1,healthy
GGGTGACACCTTAACT-1,healthy
GGGTTTAGGATAGGAT-1,healthy
GGTACAAACATGCTAT-1,healthy
GGTAGAAGACCGCCTG-1,healthy
GGTAGTGCTCGCACCA-1,healthy
GGTCAGTGGGTCCCAC-1,healthy
GGTCGGCCAGGAGCTT-1,healthy
GGTCTCCGTCCAGGTT-1,healthy
GGTCTGAGAATCTGGA-1,healthy
GGTGATAAGGAGCAGT-1,healthy
GGTGCTGGTACACATT-1,healthy
GGTGGACTGCTCTGGC-1,healthy
GGTTAGCTATATGTCT-1,healthy
GGTTTAGCCTTTCTTG-1,healthy
GGTTTCAATCGGTCAG-1,healthy
GGTTTGTGACCTGAGG-1,healthy
GTAAGTAACAGTCTGG-1,healthy
GTACACTTACCTGAAG-1,healthy
GTACAGAGGCAAGGGT-1,healthy
GTACGCTTCATTGCAC-1,healthy
GTACGTTTGCCCGTCA-1,healthy
GTACTGGAGTTAGACC-1,healthy
GTAGACACGCCTGACT-1,healthy
GTAGCCAAACATGGGA-1,healthy
GTAGCGGCTATACACT-1,healthy
GTAGCTTCCTCTTGTT-1,healthy
GTAGTCGCGGGAATCA-1,healthy
GTAGTCTACGATATTG-1,healthy
GTATCAAACGTTAGCT-1,healthy
GTATCCTTTGGTAACC-1,healthy
GTATCTTTCATAACCA-1,healthy
GTATGTGGGTCTAGTT-1,healthy
GTCAAGCGGACTCGGG-1,healthy
GTCATGCGCGAGGGCT-1,healthy
GTCATTAGAGCGAACG-1,healthy
GTCCATTACTGCTACG-1,healthy
GTCCCAACGTAAAGTA-1,healthy
GTCCCGCGACGTTATG-1,healthy
GTCCGGACCTGAAATT-1,healthy
GTCCGGGTTCACATTA-1,healthy
GTCCTACGAATAGTCT-1,healthy
GTCGCGTAACCCGTTG-1,healthy
GTCGGGAAGCAGAAAC-1,healthy
GTCGTACCATCTCGGG-1,healthy
GTCGTTATTCGCTTAT-1,healthy
GTCTATTGGTTCCGGT-1,healthy
GTCTCAAGGCCCGGCT-1,healthy
GTCTTGTAGCTATTCA-1,healthy
GTGACAGCTTCCCACT-1,healthy
GTGACCGCACACTACG-1,healthy
GTGACGCAGGTTTCAT-1,healthy
GTGACTTCAGTAGTGC-1,healthy
GTGAGGACACTTAAGG-1,healthy
GTGATCACTAACGCCT-1,healthy
GTGATCATAGATCTGC-1,healthy
GTGATCCTTGTCATGA-1,healthy
GTGCCCGTTCGGATTC-1,healthy
GTGCGACAGGGAGTGT-1,healthy
GTGCGTGTATATGAGC-1,healthy
GTGCTCAAGTACTGTC-1,healthy
GTGCTTACATCAGCGC-1,healthy
GTGGACGCATTTGTCC-1,healthy
GTGGTGGCCAAGTGAA-1,healthy
GTGTATATCAGCGGGC-1,healthy
GTGTCGTATAGCGTTC-1,healthy
GTGTGAATAACTTAGG-1,healthy
GTGTTACTATGCGTCC-1,healthy
GTTAAAGTAGGACTGG-1,healthy
GTTAACATCACTTAAA-1,healthy
GTTAACTATGTTGTCA-1,healthy
GTTAAGGGTGCGATGT-1,healthy
GTTACCTACAACTTGC-1,healthy
GTTACTTTGGGCCTAG-1,healthy
GTTAGCCCATGACATC-1,healthy
GTTATATTATCTCCCT-1,healthy
GTTCGCCATAAGTGCC-1,healthy
GTTCGGATCGGGAACA-1,healthy
GTTCGTCTAAAGAACT-1,healthy
GTTGAGTCCCGCCGGT-1,healthy
GTTGGATTGAGAACAC-1,healthy
GTTGGATTTGCGTTGG-1,healthy
GTTGGTCATGCTATCC-1,healthy
GTTTACGTTCCATCTG-1,healthy
GTTTCTGCAGTCTCCC-1,healthy
GTTTGGCCCAAGTTAT-1,healthy
GTTTGGGCTTGTGAGC-1,healthy
GTTTGGGTTTCGCCCG-1,healthy
GTTTGGTAGGGTCAAC-1,healthy
TAACATACAATGTGGG-1,healthy
TAACCTAGGGAGTCCA-1,healthy
TAACTCATCCGCGCGG-1,healthy
TAAGGCCCGTCACCCT-1,healthy
TAAGGCTGAATCCCTC-1,healthy
TAAGGGCCTGTCCGAT-1,healthy
TAAGTTGCGACGTAGG-1,healthy
TAATTACGTCAGTAGA-1,healthy
TAATTAGGACATCCGT-1,healthy
TACAACGCACAACTCA-1,healthy
TACAGAAACGGTGGGC-1,healthy
TACATAGGCATACACC-1,healthy
TACATTTCTAACGTGC-1,healthy
TACCAATAAAGTACCA-1,healthy
TACCGCGGACTTGCAG-1,healthy
TACCGGCTCACTGCCC-1,healthy
TACCGTGCCTCGGACC-1,healthy
TACCTACTCCCAGTAT-1,healthy
TACGACGCTTGCTGCG-1,healthy
TACGACTGCCTCTTAG-1,healthy
TACGCAGTTCTTTCCT-1,healthy
TACGCCATATTCTAAT-1,healthy
TACGTAAAGCGGAGTG-1,healthy
TACTTGTTAGTAGTCC-1,healthy
TAGAAAGGTGGCGCTA-1,healthy
TAGAATAGCCGATGAA-1,healthy
TAGACGAAACGCCAAT-1,healthy
TAGACGCCCGTACCGG-1,healthy
TAGAGGTTCTACTTGT-1,healthy
TAGATATGGACTGGAA-1,healthy
TAGATGGTTCCTTACT-1,healthy
TAGCCATTTCAAAGTC-1,healthy
TAGCCGGCGGTCAGCG-1,healthy
TAGCGTCCCTCGATTG-1,healthy
TAGCGTCCGGTGTGGT-1,healthy
TAGCGTTGGGTCTTAC-1,healthy
TAGCTCGCCTGATAAC-1,healthy
TAGGGAGCTTGGGATG-1,healthy
TAGGTGACGATAACCT-1,healthy
TAGGTGCTCGCCTAGC-1,healthy
TAGGTTCGAGTTCGTC-1,healthy
TAGTCCGCAGAGAATG-1,healthy
TAGTCGATCACGGGTT-1,healthy
TAGTCTTTCCGAATTG-1,healthy
TATACACAGACGCCTT-1,healthy
TATACGCGTCATCACT-1,healthy
TATAGATGGTCGCAGT-1,healthy
TATATCCCTGGGAGGA-1,healthy
TATCCAATTGGTTATC-1,healthy
TATCTACCACAGCGGG-1,healthy
TATGATCTTCTCTTTA-1,healthy
TATGGGACCGAGCAGG-1,healthy
TATGGTCTGAGTAACA-1,healthy
TATGGTTAGTGGGAGA-1,healthy
TATGTCTCATTGTGCC-1,healthy
TATTACCATCCTGCTT-1,healthy
TATTCAATTCTAATCC-1,healthy
TATTCCACTCAGCTCG-1,healthy
TATTCCGAGCTGTTAT-1,healthy
TATTCGTGCCAGAATA-1,healthy
TCAAACTTAGATTGTT-1,healthy
TCAAATTTGAGACTCA-1,healthy
TCAACGAGGAGACAAA-1,healthy
TCAAGGTTACTACACC-1,healthy
TCACAAACCGAGGTAC-1,healthy
TCACAGGGAATCGCAA-1,healthy
TCACCCTCTTAAGATT-1,healthy
TCACCGCTCGGCACTC-1,healthy
TCACGTGCCCGATTCA-1,healthy
TCAGACGCTATAGAAG-1,healthy
TCAGCAAATGCATCTC-1,healthy
TCATTTAAGTCTCCGA-1,healthy
TCCAAGCCTAGACACA-1,healthy
TCCACTTTATCTAGGT-1,healthy
TCCAGAGCACCGGTTC-1,healthy
TCCCAGCTTTAGTCTG-1,healthy
TCCCGTGTGCAATTTG-1,healthy
TCCGCCTGTCTACAAG-1,healthy
TCCGCGGCAGCATCTG-1,healthy
TCCGCGGCCCAATGAA-1,healthy
TCCGCTGTCATCCCGG-1,healthy
TCCGCTTATCCCATTA-1,healthy
TCCGTTAAGCTAATAT-1,healthy
TCCGTTTAGCCTTGAA-1,healthy
TCCTAAATTGGGAAGC-1,healthy
TCCTACATCCACGGCC-1,healthy
TCCTCGGGCTGGGCTT-1,healthy
TCCTTACGACGGTCCG-1,healthy
TCCTTTAAATCCGCTT-1,healthy
TCGAAGAACCGAGCAC-1,healthy
TCGAGACCAACACCGT-1,healthy
TCGCAAAGATGCATTT-1,healthy
TCGCACCAGGAGGCAG-1,healthy
TCGCCGACATATTCGC-1,healthy
TCGCGTAGCAGTGTCC-1,healthy
TCGCTACTGGCTTTGA-1,healthy
TCGGACGCCCAGCCCA-1,healthy
TCGGAGTACATGAGTA-1,healthy
TCGGCGAACCCAAACC-1,healthy
TCGGCTTGTATCGACG-1,healthy
TCGGGAGACAGCGTAC-1,healthy
TCGGGCCGTCGTGGTA-1,healthy
TCGTCTTAGGCGTTAA-1,healthy
TCGTGTACTATGGATG-1,healthy
TCTAGCATGCCCAGAA-1,healthy
TCTAGTGATATCGTGG-1,healthy
TCTAGTTATCAGAAGA-1,healthy
TCTATGCTATAACGAC-1,healthy
TCTCATGAGATAGGGT-1,healthy
TCTCCACAAGTTGAAT-1,healthy
TCTCCCTGGGCAGCGT-1,healthy
TCTCGACGTATCGCCG-1,healthy
TCTGAACTCGTACCCG-1,healthy
TCTGAAGCACGTGGTC-1,healthy
TCTGAATTCCGTACAA-1,healthy
TCTGATGTATTCTGTC-1,healthy
TCTGCATACCTTGCTT-1,healthy
TCTGCCAGAAACTGCA-1,healthy
TCTGGGAACCTTTGAA-1,healthy
TCTGTGCCATCATAGT-1,healthy
TCTTACTTATGCCTCT-1,healthy
TCTTAGAGTGAACTCT-1,healthy
TCTTCCCATGGGCACA-1,healthy
TCTTCGAATAGACGTT-1,healthy
TCTTCGATACCAATAA-1,healthy
TCTTCTATAACCCGCC-1,healthy
TCTTGATGCGTAGCGA-1,healthy
TCTTGCTCCCGATACT-1,healthy
TCTTTAAGACTATGAA-1,healthy
TCTTTAGAGTCTAACA-1,healthy
TGAAAGGACCTGACTC-1,healthy
TGAATACCGACGCGTA-1,healthy
TGAATGTCAGCCGGCC-1,healthy
TGACGATGCACTAGAA-1,healthy
TGACTATAATCCTTTC-1,healthy
TGAGAGATTTACCACG-1,healthy
TGAGCGGAAAGTGTTC-1,healthy
TGAGTAAATTAGCGTA-1,healthy
TGAGTGGTCCGTGACG-1,healthy
TGAGTTAAAGACATTC-1,healthy
TGATGTCAATTAAGTG-1,healthy
TGCAACCCATCTGCGG-1,healthy
TGCAATCTAACACGGT-1,healthy
TGCAGAGTACCGAGCA-1,healthy
TGCAGTTTCCTCCCAT-1,healthy
TGCATATGTCTGTCAC-1,healthy
TGCATGTGGTAATCTA-1,healthy
TGCCAGTACGTGGAGA-1,healthy
TGCCCGTACCGTTAAA-1,healthy
TGCCGTGGATCGTCCT-1,healthy
TGCCTTGGCCAGGCAA-1,healthy
TGCGCAAAGCATTTGG-1,healthy
TGCGTTTGTTGACACT-1,healthy
TGCTAAGTGTCTATTT-1,healthy
TGCTCCACAGTTCTTA-1,healthy
TGCTCGGTGGGTCACC-1,healthy
TGCTCTTGAGAGTTTG-1,healthy
TGCTGTTGAAGAACTC-1,healthy
TGCTTCCCAAGCAGTA-1,healthy
TGGACCAATCTAAGAT-1,healthy
TGGACTGTTCGCTCAA-1,healthy
TGGCAAACTAAATTAC-1,healthy
TGGCAGATTACGATCA-1,healthy
TGGCAGCAGTAATAGT-1,healthy
TGGCTACACTCTACCT-1,healthy
TGGCTATGTGACATAC-1,healthy
TGGGCAATAGTTGGGT-1,healthy
TGGGCCCATACTAATT-1,healthy
TGGTAGAATATATGGG-1,healthy
TGGTCCCACGCTACGG-1,healthy
TGGTTCAACGGGTAAT-1,healthy
TGTACCTACACGAGGG-1,healthy
TGTACGAACAAATCCG-1,healthy
TGTAGGAGAAATTTCC-1,healthy
TGTATAACAGATCCTG-1,healthy
TGTATGGCGCAGACAG-1,healthy
TGTGAGACTAGCCCAA-1,healthy
TGTGCCGGTGCCGGAA-1,healthy
TGTGGCAAAGCGTATG-1,healthy
TGTTATTGTATGTGGC-1,healthy
TGTTCGTATTGCGGTG-1,healthy
TGTTTGAGATCGTCAG-1,healthy
TTAAACTCGAATTCAT-1,healthy
TTAAGATAGGATTGAC-1,healthy
TTAAGTATTGTTATCC-1,healthy
TTAATGTAGACCAGGT-1,healthy
TTAATTGCTTTGGGTG-1,healthy
TTACATGCCACAACTA-1,healthy
TTACGGATGGTTCGAG-1,healthy
TTACTAAAGGACTTTA-1,healthy
TTACTCCGGCCGGGAA-1,healthy
TTACTGGGATATTTCA-1,healthy
TTAGAAGAACATGACT-1,healthy
TTAGACGAGTCACCTC-1,healthy
TTAGAGTTTAGAAGGA-1,healthy
TTAGCTGATTTGCCGT-1,healthy
TTAGTAAACCTGCTCT-1,healthy
TTAGTTATTCGTGGCA-1,healthy
TTATAGGTAATTGTCT-1,healthy
TTATATACGCTGTCAC-1,healthy
TTATCCGGGATCTATA-1,healthy
TTATGAATGAAAGGGA-1,healthy
TTATGATCTTAACGAA-1,healthy
TTATTAGAGCGTGTTC-1,healthy
TTCAAAGTCTCTAGCC-1,healthy
TTCAATACTCTGAATC-1,healthy
TTCACGAAAGGATCAC-1,healthy
TTCACTCGAGCACCTA-1,healthy
TTCAGCCCTGGTCCAC-1,healthy
TTCAGCTGGCGTGCCC-1,healthy
TTCCATCGACAGCGTG-1,healthy
TTCCGCGTGAGGCGAT-1,healthy
TTCCGGTTACCCACTT-1,healthy
TTCCTCGGACTAACCA-1,healthy
TTCGACAGAGCCCGTG-1,healthy
TTCGGGACTAATCGCG-1,healthy
TTCTAACCGAAGCTTA-1,healthy
TTCTGACCGGGCTCAA-1,healthy
TTCTGCCGCGCCTAGA-1,healthy
TTCTGCGGGTTAGCGG-1,healthy
TTCTTATCCGCTGGGT-1,healthy
TTGAACGACGTGCTGA-1,healthy
TTGAATATGGACTTTC-1,healthy
TTGAATTCACGTGAGG-1,healthy
TTGACAGGAGCTCCCG-1,healthy
TTGACCAGGAACAACT-1,healthy
TTGACGCTCCATGAGC-1,healthy
TTGACTATTGTCCGGC-1,healthy
TTGAGAAGTTTAGCAT-1,healthy
TTGCACAATTCAGAAA-1,healthy
TTGCCAAGCAGAACCC-1,healthy
TTGCCGCTTTCTAGTA-1,healthy
TTGCTGATCATGTTCG-1,healthy
TTGGACCATCTGGCAA-1,healthy
TTGGACCTATAACAGT-1,healthy
TTGGATATCGTCTACG-1,healthy
TTGGGCGGCGGTTGCC-1,healthy
TTGTAATCCGTACTCG-1,healthy
TTGTGAACCTAATCCG-1,healthy
TTGTGCAGCCACGTCA-1,healthy
TTGTGGTGGTACTAAG-1,healthy
TTGTGTTTCCCGAAAG-1,healthy
TTGTTGTGTGTCAAGA-1,healthy
